-- phpMyAdmin SQL Dump
-- version 4.5.1
-- http://www.phpmyadmin.net
--
-- Servidor: 127.0.0.1
-- Tiempo de generación: 06-03-2017 a las 17:58:08
-- Versión del servidor: 10.1.13-MariaDB
-- Versión de PHP: 7.0.8

SET SQL_MODE = "NO_AUTO_VALUE_ON_ZERO";
SET time_zone = "+00:00";


/*!40101 SET @OLD_CHARACTER_SET_CLIENT=@@CHARACTER_SET_CLIENT */;
/*!40101 SET @OLD_CHARACTER_SET_RESULTS=@@CHARACTER_SET_RESULTS */;
/*!40101 SET @OLD_COLLATION_CONNECTION=@@COLLATION_CONNECTION */;
/*!40101 SET NAMES utf8mb4 */;

--
-- Base de datos: `bd_diagnostico_clinico`
--

-- --------------------------------------------------------

--
-- Estructura de tabla para la tabla `tb_enfermedades`
--

CREATE TABLE `tb_enfermedades` (
  `id_enfermedades` int(11) NOT NULL,
  `enfermedad` varchar(200) NOT NULL
) ENGINE=InnoDB DEFAULT CHARSET=latin1;

--
-- Volcado de datos para la tabla `tb_enfermedades`
--

INSERT INTO `tb_enfermedades` (`id_enfermedades`, `enfermedad`) VALUES
(1, 'anaplasmosis'),
(2, 'Rabia'),
(3, 'Carbon'),
(4, 'Sida'),
(5, 'Gonorrea'),
(6, 'Cifilis');

-- --------------------------------------------------------

--
-- Estructura de tabla para la tabla `tb_numero`
--

CREATE TABLE `tb_numero` (
  `numero` varchar(20) NOT NULL
) ENGINE=InnoDB DEFAULT CHARSET=latin1;

--
-- Volcado de datos para la tabla `tb_numero`
--

INSERT INTO `tb_numero` (`numero`) VALUES
(''),
('12');

-- --------------------------------------------------------

--
-- Estructura de tabla para la tabla `tb_resultados`
--

CREATE TABLE `tb_resultados` (
  `id_resultados` int(11) NOT NULL,
  `id_signos` int(11) NOT NULL,
  `id_enfermedades` int(11) NOT NULL,
  `fecha_resultado` date NOT NULL
) ENGINE=InnoDB DEFAULT CHARSET=latin1;

--
-- Volcado de datos para la tabla `tb_resultados`
--

INSERT INTO `tb_resultados` (`id_resultados`, `id_signos`, `id_enfermedades`, `fecha_resultado`) VALUES
(1, 2, 3, '2017-03-16'),
(2, 1, 2, '2017-03-21'),
(3, 3, 1, '2017-03-14'),
(4, 5, 4, '2017-03-16'),
(5, 4, 6, '2017-03-20'),
(6, 6, 5, '2017-01-25'),
(7, 7, 1, '2017-03-02'),
(8, 2, 5, '2017-03-07'),
(9, 1, 6, '2017-03-30'),
(10, 3, 4, '2017-04-13'),
(11, 5, 1, '2017-03-27'),
(12, 4, 3, '2017-01-17'),
(13, 7, 2, '2017-03-29'),
(14, 3, 5, '2017-01-18');

-- --------------------------------------------------------

--
-- Estructura de tabla para la tabla `tb_signos_y_sintomas`
--

CREATE TABLE `tb_signos_y_sintomas` (
  `id_signos` int(11) NOT NULL,
  `signos_y_sintomas` varchar(200) NOT NULL
) ENGINE=InnoDB DEFAULT CHARSET=latin1;

--
-- Volcado de datos para la tabla `tb_signos_y_sintomas`
--

INSERT INTO `tb_signos_y_sintomas` (`id_signos`, `signos_y_sintomas`) VALUES
(1, 'Polidipsia'),
(2, 'Anorexia\r\n'),
(3, 'Jadeo\r\n'),
(4, 'Perdida de peso\r\n'),
(5, 'anemia'),
(6, 'fiebre'),
(7, 'gripe');

--
-- Índices para tablas volcadas
--

--
-- Indices de la tabla `tb_enfermedades`
--
ALTER TABLE `tb_enfermedades`
  ADD PRIMARY KEY (`id_enfermedades`);

--
-- Indices de la tabla `tb_numero`
--
ALTER TABLE `tb_numero`
  ADD PRIMARY KEY (`numero`);

--
-- Indices de la tabla `tb_resultados`
--
ALTER TABLE `tb_resultados`
  ADD PRIMARY KEY (`id_resultados`),
  ADD KEY `indice_enfermedades` (`id_enfermedades`),
  ADD KEY `indice_signos` (`id_signos`) USING BTREE;

--
-- Indices de la tabla `tb_signos_y_sintomas`
--
ALTER TABLE `tb_signos_y_sintomas`
  ADD PRIMARY KEY (`id_signos`);

--
-- AUTO_INCREMENT de las tablas volcadas
--

--
-- AUTO_INCREMENT de la tabla `tb_resultados`
--
ALTER TABLE `tb_resultados`
  MODIFY `id_resultados` int(11) NOT NULL AUTO_INCREMENT, AUTO_INCREMENT=16;
--
-- Restricciones para tablas volcadas
--

--
-- Filtros para la tabla `tb_resultados`
--
ALTER TABLE `tb_resultados`
  ADD CONSTRAINT `tb_resultados_ibfk_1` FOREIGN KEY (`id_enfermedades`) REFERENCES `tb_enfermedades` (`id_enfermedades`) ON DELETE CASCADE ON UPDATE CASCADE,
  ADD CONSTRAINT `tb_resultados_ibfk_2` FOREIGN KEY (`id_signos`) REFERENCES `tb_signos_y_sintomas` (`id_signos`) ON DELETE CASCADE ON UPDATE CASCADE;

/*!40101 SET CHARACTER_SET_CLIENT=@OLD_CHARACTER_SET_CLIENT */;
/*!40101 SET CHARACTER_SET_RESULTS=@OLD_CHARACTER_SET_RESULTS */;
/*!40101 SET COLLATION_CONNECTION=@OLD_COLLATION_CONNECTION */;
